x,y,z,class,filename,outlier_class
2.93125,4.25625,-0.578848,1.0,000027_bbox.npy,bed
2.224213,3.838676,-0.562052,1.0,000029_bbox.npy,bed
-2.177273,3.572727,-0.788636,1.0,000193_bbox.npy,bed
2.349964,3.964815,-0.606818,1.0,000408_bbox.npy,bed
2.25,3.743106,-0.593182,1.0,000748_bbox.npy,bed
1.009706,5.61668,-0.468106,1.0,000800_bbox.npy,bed
1.967236,3.268151,-0.859848,1.0,000856_bbox.npy,bed
0.272727,3.040909,0.390909,1.0,000856_bbox.npy,bed
2.358082,3.936777,-0.682576,1.0,000858_bbox.npy,bed
1.968139,4.143026,0.363636,1.0,000858_bbox.npy,bed
-0.722727,2.427273,0.181818,1.0,000859_bbox.npy,bed
3.036364,4.05,-0.347727,1.0,000875_bbox.npy,bed
-2.445759,4.437389,0.031061,1.0,000878_bbox.npy,bed
2.677031,4.132299,-0.876841,1.0,001926_bbox.npy,bed
1.338433,4.871154,-0.870275,1.0,001927_bbox.npy,bed
2.186343,1.563621,-0.90625,1.0,002281_bbox.npy,bed
-2.051221,2.379152,-0.833951,1.0,002290_bbox.npy,bed
-2.323318,1.805943,-1.235405,1.0,002330_bbox.npy,bed
1.179983,2.324787,-1.240909,6.0,000050_bbox.npy,night_stand
-0.431818,3.981818,-1.231818,6.0,000050_bbox.npy,night_stand
-0.060132,4.026947,-0.558333,6.0,000732_bbox.npy,night_stand
1.013636,2.954545,-0.538561,6.0,000733_bbox.npy,night_stand
-1.208737,3.452604,-0.563409,6.0,000733_bbox.npy,night_stand
0.37957,4.381252,-0.536288,6.0,000791_bbox.npy,night_stand
-0.531818,2.258939,-0.579545,6.0,000818_bbox.npy,night_stand
-0.037929,2.095828,-0.081667,6.0,000820_bbox.npy,night_stand
0.881588,4.619228,0.130303,6.0,000841_bbox.npy,night_stand
0.78338,4.027273,0.089394,6.0,000851_bbox.npy,night_stand
0.997727,4.222727,0.2,6.0,000875_bbox.npy,night_stand
1.45,1.486364,-1.180579,6.0,000918_bbox.npy,night_stand
-1.554545,2.163636,-1.156612,6.0,000921_bbox.npy,night_stand
-1.289065,1.8072,-1.172727,6.0,001116_bbox.npy,night_stand
-0.013636,3.4,-1.236364,6.0,001140_bbox.npy,night_stand
-1.454545,3.495455,-1.15,6.0,001141_bbox.npy,night_stand
0.146998,3.392244,-1.231203,6.0,002075_bbox.npy,night_stand
0.594783,3.035342,-1.170707,6.0,002341_bbox.npy,night_stand
1.076384,2.167115,-1.226744,6.0,002371_bbox.npy,night_stand
-0.237478,2.210348,-0.166666,6.0,002707_bbox.npy,night_stand
-0.153788,2.002273,-0.590909,6.0,002745_bbox.npy,night_stand
0.509091,2.345455,-1.290909,6.0,004110_bbox.npy,night_stand
-1.104545,1.222727,-1.331818,6.0,004113_bbox.npy,night_stand
1.163795,4.14621,-1.163636,5.0,001116_bbox.npy,dresser
0.082875,1.236364,-1.225252,5.0,002596_bbox.npy,dresser
-0.668141,2.682902,-1.14798,5.0,002598_bbox.npy,dresser
0.331818,0.85,-1.140909,5.0,004113_bbox.npy,dresser
-0.313636,0.895455,-1.14899,5.0,004305_bbox.npy,dresser
0.231818,3.536364,-0.318182,7.0,000153_bbox.npy,sofa
0.122727,5.568182,-1.059091,7.0,000270_bbox.npy,sofa
2.342329,5.593451,-0.836364,7.0,000275_bbox.npy,sofa
-0.840909,3.931818,-1.681818,7.0,000328_bbox.npy,sofa
2.0,5.62,-0.815,7.0,000334_bbox.npy,sofa
-1.588354,2.95554,-1.463636,7.0,000498_bbox.npy,sofa
-1.700896,5.515042,-0.586288,7.0,000763_bbox.npy,sofa
1.222727,5.481818,-0.722652,7.0,000763_bbox.npy,sofa
-0.168182,2.804545,-0.013485,7.0,000805_bbox.npy,sofa
-1.108059,2.190612,-0.243106,7.0,000832_bbox.npy,sofa
3.831818,4.759091,-1.009091,7.0,001040_bbox.npy,sofa
1.834218,5.813361,-0.68399,7.0,001953_bbox.npy,sofa
3.728317,4.829903,-0.932955,7.0,001982_bbox.npy,sofa
0.726727,3.413865,-0.309977,7.0,002011_bbox.npy,sofa
2.043775,3.550639,-0.347801,7.0,002011_bbox.npy,sofa
-0.467017,1.943046,-0.451705,7.0,002011_bbox.npy,sofa
-3.410234,5.256033,-0.880693,7.0,002044_bbox.npy,sofa
-3.063016,5.249565,-1.054386,7.0,002205_bbox.npy,sofa
3.454296,6.763865,-1.147387,7.0,002388_bbox.npy,sofa
1.29021,5.435407,-1.10776,7.0,002409_bbox.npy,sofa
3.74489,1.852743,-0.9,7.0,002410_bbox.npy,sofa
-0.611632,6.087398,-0.898444,7.0,002412_bbox.npy,sofa
-1.378913,5.588496,-0.86875,7.0,002413_bbox.npy,sofa
3.232153,4.413102,-0.98125,7.0,002492_bbox.npy,sofa
-0.104545,1.2,-0.368182,7.0,002583_bbox.npy,sofa
1.395455,1.113636,1.304545,7.0,002644_bbox.npy,sofa
0.216666,2.084848,-0.34697,7.0,002733_bbox.npy,sofa
0.077879,4.240909,-1.338182,7.0,002937_bbox.npy,sofa
0.255151,1.281818,-1.32,7.0,002938_bbox.npy,sofa
0.760303,4.659091,-1.309091,7.0,002954_bbox.npy,sofa
2.440824,3.869277,-1.315455,7.0,002954_bbox.npy,sofa
1.79606,3.340909,-1.442727,7.0,002954_bbox.npy,sofa
1.532424,3.445455,-1.306364,7.0,002955_bbox.npy,sofa
-1.157879,2.840909,-1.383636,7.0,002957_bbox.npy,sofa
-0.40802,3.93235,-1.388182,7.0,002957_bbox.npy,sofa
1.182377,1.536057,-1.288182,7.0,002980_bbox.npy,sofa
-0.863636,2.909091,-0.454545,7.0,003510_bbox.npy,sofa
-1.663636,3.681818,-0.45,7.0,003515_bbox.npy,sofa
-0.511177,2.013413,-0.254545,7.0,003527_bbox.npy,sofa
1.390045,4.137678,-0.386364,7.0,003758_bbox.npy,sofa
0.195455,3.713636,-1.313636,7.0,004060_bbox.npy,sofa
-1.09,5.16,-1.513333,7.0,004313_bbox.npy,sofa
-1.85,3.15,-1.563333,7.0,004313_bbox.npy,sofa
0.577273,4.004545,-1.353535,7.0,004314_bbox.npy,sofa
-1.090909,2.790909,-1.303535,7.0,004314_bbox.npy,sofa
-1.656839,2.522729,-1.409091,3.0,000065_bbox.npy,chair
-2.3,4.736364,-0.518182,3.0,000074_bbox.npy,chair
0.55,1.727273,-0.331818,3.0,000077_bbox.npy,chair
-0.868182,2.763636,-0.334848,3.0,000077_bbox.npy,chair
2.631818,3.390909,-0.972727,3.0,000081_bbox.npy,chair
-2.645455,3.727273,-0.898485,3.0,000223_bbox.npy,chair
2.559976,5.012429,-0.658518,3.0,000241_bbox.npy,chair
-2.862011,4.021814,-0.802273,3.0,000251_bbox.npy,chair
2.570486,3.98325,-0.868182,3.0,000256_bbox.npy,chair
-2.718182,4.004545,-0.722727,3.0,000284_bbox.npy,chair
-2.735818,4.036237,-0.747727,3.0,000349_bbox.npy,chair
-1.675,6.10625,-0.917832,3.0,000396_bbox.npy,chair
-1.245422,2.536396,-0.522727,3.0,000495_bbox.npy,chair
-2.707271,3.939653,-0.682576,3.0,000602_bbox.npy,chair
-0.449067,2.883495,-0.304545,3.0,000629_bbox.npy,chair
3.019748,4.454545,-0.846997,3.0,000649_bbox.npy,chair
2.996626,4.420675,-0.75,3.0,000654_bbox.npy,chair
2.748892,3.622727,-0.796226,3.0,000658_bbox.npy,chair
-1.272261,2.247906,-0.483101,3.0,000668_bbox.npy,chair
-0.748434,2.027273,-0.478815,3.0,000668_bbox.npy,chair
-0.199223,1.813636,-0.492452,3.0,000668_bbox.npy,chair
0.019748,2.327273,-0.510115,3.0,000668_bbox.npy,chair
-0.506782,2.586043,-0.506088,3.0,000668_bbox.npy,chair
-1.034797,2.8,-0.47427,3.0,000668_bbox.npy,chair
3.161084,4.490058,-0.668694,3.0,000669_bbox.npy,chair
0.727273,4.554545,-0.51466,3.0,000704_bbox.npy,chair
1.416196,4.535982,-0.51466,3.0,000704_bbox.npy,chair
0.928708,5.191068,-0.51466,3.0,000704_bbox.npy,chair
1.68714,5.118182,-0.523751,3.0,000704_bbox.npy,chair
2.891686,4.409091,-0.755569,3.0,000711_bbox.npy,chair
0.659232,5.717939,-0.75,3.0,000814_bbox.npy,chair
0.668182,2.104545,-0.222576,3.0,000821_bbox.npy,chair
0.113636,2.986364,0.359091,3.0,000827_bbox.npy,chair
2.972727,3.931818,-0.390833,3.0,000833_bbox.npy,chair
-2.659091,4.381818,-0.629545,3.0,000833_bbox.npy,chair
-2.922727,4.895455,-0.75,3.0,000833_bbox.npy,chair
2.863636,4.845455,-0.227197,3.0,000833_bbox.npy,chair
0.781818,2.65,-0.236364,3.0,000837_bbox.npy,chair
0.395455,2.290909,-0.231818,3.0,000837_bbox.npy,chair
-0.771551,1.251296,-0.158939,3.0,000839_bbox.npy,chair
-2.704545,3.822727,-0.854545,3.0,000969_bbox.npy,chair
-2.622727,4.409091,-0.852197,3.0,000969_bbox.npy,chair
-2.572727,4.890909,-0.849849,3.0,000969_bbox.npy,chair
2.581818,5.277273,-0.955842,3.0,001080_bbox.npy,chair
2.986364,5.5,-0.965179,3.0,001080_bbox.npy,chair
1.772727,5.740909,-0.951051,3.0,001080_bbox.npy,chair
-2.631555,5.334196,-0.933361,3.0,001080_bbox.npy,chair
-2.162792,5.613636,-0.946997,3.0,001080_bbox.npy,chair
-1.704012,5.776088,-0.951543,3.0,001080_bbox.npy,chair
2.686364,5.277273,-0.972727,3.0,001081_bbox.npy,chair
2.868182,5.181818,-0.968182,3.0,001085_bbox.npy,chair
2.525175,5.644056,-0.963636,3.0,001085_bbox.npy,chair
-2.754545,3.204545,-0.998499,3.0,001092_bbox.npy,chair
-0.059091,3.586364,-0.440909,3.0,001121_bbox.npy,chair
2.637544,3.994784,0.395455,3.0,001123_bbox.npy,chair
-3.185218,4.369836,-1.131818,3.0,001182_bbox.npy,chair
-3.622727,4.668182,-1.118182,3.0,001182_bbox.npy,chair
2.645455,3.35,-0.897727,3.0,001186_bbox.npy,chair
1.368182,5.7,-0.940909,3.0,001187_bbox.npy,chair
2.863636,4.009091,-1.031818,3.0,001188_bbox.npy,chair
-3.286364,4.527273,-1.172727,3.0,001190_bbox.npy,chair
-2.677273,3.372727,-1.05,3.0,001191_bbox.npy,chair
-3.388279,4.574096,-1.027273,3.0,001191_bbox.npy,chair
2.804545,3.990909,-1.05,3.0,001196_bbox.npy,chair
-2.6,4.818182,-1.045455,3.0,001200_bbox.npy,chair
-2.818182,4.209091,-1.045455,3.0,001200_bbox.npy,chair
-3.027273,3.654545,-1.036364,3.0,001200_bbox.npy,chair
2.913636,4.127273,-1.090909,3.0,001202_bbox.npy,chair
3.331818,4.490909,-1.1,3.0,001202_bbox.npy,chair
2.922727,5.086364,-1.077273,3.0,001202_bbox.npy,chair
-0.690909,5.65,-0.95,3.0,001202_bbox.npy,chair
-2.731818,3.577273,-1.177273,3.0,001203_bbox.npy,chair
-3.246254,3.900335,-1.168182,3.0,001203_bbox.npy,chair
2.854545,3.804545,-1.1,3.0,001206_bbox.npy,chair
3.454545,4.513636,-1.095455,3.0,001206_bbox.npy,chair
-2.854545,5.35,-0.861364,3.0,001209_bbox.npy,chair
2.722727,4.5,-1.090909,3.0,001209_bbox.npy,chair
-3.331818,4.681818,-1.077273,3.0,001214_bbox.npy,chair
2.677273,3.322727,-1.004545,3.0,001215_bbox.npy,chair
3.122727,3.7,-0.972727,3.0,001218_bbox.npy,chair
3.477273,5.668182,-1.004545,3.0,001221_bbox.npy,chair
2.769556,5.501765,-1.022727,3.0,001221_bbox.npy,chair
2.6,4.081818,-0.75,3.0,001224_bbox.npy,chair
-2.609665,3.59859,-1.036364,3.0,001225_bbox.npy,chair
-2.631367,3.643702,-1.05,3.0,001229_bbox.npy,chair
-2.953317,4.05172,-1.059091,3.0,001229_bbox.npy,chair
-3.315849,4.467869,-1.059091,3.0,001229_bbox.npy,chair
-3.548993,4.960665,-1.05,3.0,001229_bbox.npy,chair
-3.681408,5.40116,-1.063636,3.0,001229_bbox.npy,chair
-1.159091,5.731818,-0.913636,3.0,001230_bbox.npy,chair
2.672727,4.236364,-1.040909,3.0,001230_bbox.npy,chair
2.631818,5.213636,-1.004545,3.0,001230_bbox.npy,chair
0.254545,5.654545,-0.918182,3.0,001233_bbox.npy,chair
2.563636,3.345455,-0.922727,3.0,001233_bbox.npy,chair
2.786364,5.013636,-1.163636,3.0,001235_bbox.npy,chair
2.877273,4.1,-1.127273,3.0,001235_bbox.npy,chair
-2.690909,4.85,-0.981818,3.0,001236_bbox.npy,chair
2.631818,4.904545,-0.904545,3.0,001236_bbox.npy,chair
2.859091,5.363636,-1.122727,3.0,001237_bbox.npy,chair
1.859091,5.709091,-1.072727,3.0,001237_bbox.npy,chair
-0.763636,5.763636,-1.013636,3.0,001237_bbox.npy,chair
-2.854545,4.604545,-1.040909,3.0,001237_bbox.npy,chair
-3.177273,4.1,-1.059091,3.0,001237_bbox.npy,chair
2.877273,3.868182,-0.972727,3.0,001239_bbox.npy,chair
3.227273,4.359091,-0.954545,3.0,001239_bbox.npy,chair
2.659091,5.077273,-0.963636,3.0,001239_bbox.npy,chair
0.086364,5.695455,-1.072727,3.0,001239_bbox.npy,chair
1.245455,5.622727,-1.027273,3.0,001239_bbox.npy,chair
-2.704126,4.146586,-1.054545,3.0,001241_bbox.npy,chair
-2.937202,4.652909,-1.086364,3.0,001241_bbox.npy,chair
-3.146288,5.153226,-1.1,3.0,001241_bbox.npy,chair
-3.277273,5.559091,-1.118182,3.0,001241_bbox.npy,chair
-2.65,4.063636,-0.927273,3.0,001242_bbox.npy,chair
2.931117,3.875162,-1.122727,3.0,001243_bbox.npy,chair
2.654545,4.886364,-1.168182,3.0,001244_bbox.npy,chair
3.072727,4.463636,-1.181818,3.0,001244_bbox.npy,chair
2.66697,3.553917,-1.118182,3.0,001245_bbox.npy,chair
2.886364,3.545455,-0.977273,3.0,001252_bbox.npy,chair
-2.659091,3.572727,-1.090909,3.0,001253_bbox.npy,chair
2.6,3.359091,-1.009091,3.0,001258_bbox.npy,chair
-0.65,5.718182,-0.877273,3.0,001260_bbox.npy,chair
-2.604545,3.472727,-0.922727,3.0,001261_bbox.npy,chair
-2.681818,4.090909,-0.918182,3.0,001261_bbox.npy,chair
-2.722727,4.690909,-0.918182,3.0,001261_bbox.npy,chair
-2.863636,5.272727,-0.895455,3.0,001261_bbox.npy,chair
2.568182,3.354545,-0.5,3.0,001262_bbox.npy,chair
2.977273,5.168182,-0.522727,3.0,001262_bbox.npy,chair
2.763636,4.345455,-0.531818,3.0,001262_bbox.npy,chair
2.577273,2.818182,-1.045455,3.0,001263_bbox.npy,chair
2.768182,5.104545,-1.090909,3.0,001263_bbox.npy,chair
3.148344,4.774228,-0.95,3.0,001273_bbox.npy,chair
3.036364,5.636364,-0.959091,3.0,001273_bbox.npy,chair
0.154545,5.631818,-0.818182,3.0,001276_bbox.npy,chair
3.088347,5.431094,-0.745455,3.0,001276_bbox.npy,chair
2.659091,3.727273,-0.863636,3.0,001276_bbox.npy,chair
-2.690909,3.945455,-0.909091,3.0,001277_bbox.npy,chair
-2.645455,4.918182,-0.986364,3.0,001278_bbox.npy,chair
-3.077273,4.627273,-0.977273,3.0,001282_bbox.npy,chair
2.613636,4.018182,-0.836364,3.0,001285_bbox.npy,chair
3.045455,4.240909,-0.909091,3.0,001287_bbox.npy,chair
2.531818,4.854545,-0.890909,3.0,001287_bbox.npy,chair
-2.9,4.413636,-0.886364,3.0,001288_bbox.npy,chair
1.195455,2.404545,-0.5,3.0,001295_bbox.npy,chair
1.25,1.740909,-0.486364,3.0,001295_bbox.npy,chair
1.163636,3.036364,-0.509091,3.0,001295_bbox.npy,chair
1.039622,3.702675,-0.518182,3.0,001295_bbox.npy,chair
0.945455,5.068182,-0.522727,3.0,001295_bbox.npy,chair
0.9,5.622727,-0.522727,3.0,001295_bbox.npy,chair
-1.527273,3.395455,-0.327273,3.0,001297_bbox.npy,chair
-1.506274,2.82436,-0.318182,3.0,001297_bbox.npy,chair
-1.559091,4.013636,-0.290909,3.0,001297_bbox.npy,chair
-1.568182,4.686364,-0.313636,3.0,001297_bbox.npy,chair
-1.618182,5.386364,-0.331818,3.0,001297_bbox.npy,chair
-1.490909,2.145455,-0.327273,3.0,001297_bbox.npy,chair
-0.277273,1.340909,-0.422727,3.0,001298_bbox.npy,chair
0.231818,1.640909,-0.436364,3.0,001298_bbox.npy,chair
0.822727,1.990909,-0.472727,3.0,001298_bbox.npy,chair
1.345455,2.277273,-0.5,3.0,001298_bbox.npy,chair
1.941559,2.614787,-0.522727,3.0,001298_bbox.npy,chair
2.568182,2.95,-0.513636,3.0,001298_bbox.npy,chair
0.445455,3.759091,-1.513636,3.0,001299_bbox.npy,chair
-0.277273,1.309091,-1.336364,3.0,001299_bbox.npy,chair
-0.531818,1.945455,-1.422727,3.0,001299_bbox.npy,chair
-0.745455,2.404545,-1.413636,3.0,001299_bbox.npy,chair
-1.100494,3.050473,-1.368182,3.0,001299_bbox.npy,chair
-1.409091,3.645455,-1.35,3.0,001299_bbox.npy,chair
-1.736364,4.286364,-1.377273,3.0,001299_bbox.npy,chair
-1.995455,4.895455,-1.322727,3.0,001299_bbox.npy,chair
-0.018182,0.709091,-1.431818,3.0,001299_bbox.npy,chair
-0.431818,1.8,-0.454545,3.0,001300_bbox.npy,chair
-0.009091,2.05,-0.445455,3.0,001300_bbox.npy,chair
0.7,2.490909,-0.445455,3.0,001300_bbox.npy,chair
1.145455,2.813636,-0.431818,3.0,001300_bbox.npy,chair
1.740909,3.190909,-0.427273,3.0,001300_bbox.npy,chair
2.218182,3.477273,-0.427273,3.0,001300_bbox.npy,chair
2.711553,3.777878,-0.404545,3.0,001300_bbox.npy,chair
-1.195455,2.936364,-0.109091,3.0,001300_bbox.npy,chair
-0.772727,3.204545,-0.1,3.0,001300_bbox.npy,chair
0.309091,3.927273,-0.072727,3.0,001300_bbox.npy,chair
0.968182,4.327273,-0.086364,3.0,001300_bbox.npy,chair
1.5,4.668182,-0.086364,3.0,001300_bbox.npy,chair
2.75,5.440909,-0.068182,3.0,001300_bbox.npy,chair
2.6,2.545455,-0.872727,3.0,001312_bbox.npy,chair
-2.745455,3.745455,-1.054545,3.0,001314_bbox.npy,chair
-3.209091,4.154545,-1.045455,3.0,001314_bbox.npy,chair
-2.586364,3.072727,-1.05,3.0,001323_bbox.npy,chair
-3.363636,4.704545,-0.927273,3.0,001324_bbox.npy,chair
-2.922727,5.163636,-0.895455,3.0,001324_bbox.npy,chair
-2.540187,5.709179,-0.886364,3.0,001324_bbox.npy,chair
-2.791982,4.008528,-0.968182,3.0,001331_bbox.npy,chair
-3.131818,4.013636,-0.936364,3.0,001338_bbox.npy,chair
-2.681167,4.578196,-0.936364,3.0,001349_bbox.npy,chair
-2.895455,3.690909,-0.756818,3.0,001354_bbox.npy,chair
-0.164881,2.63134,-1.483129,3.0,001378_bbox.npy,chair
0.327273,2.768182,-1.505856,3.0,001378_bbox.npy,chair
0.859091,2.959091,-1.496765,3.0,001378_bbox.npy,chair
1.392559,3.040909,-1.487674,3.0,001378_bbox.npy,chair
1.844154,3.172727,-1.478583,3.0,001378_bbox.npy,chair
0.143167,0.873254,-0.52427,3.0,001382_bbox.npy,chair
0.175783,2.104545,-1.437906,3.0,001383_bbox.npy,chair
-0.116927,2.618228,-1.415179,3.0,001383_bbox.npy,chair
-0.41286,3.049754,-1.419724,3.0,001383_bbox.npy,chair
-0.859091,3.45,-1.419724,3.0,001383_bbox.npy,chair
-1.248447,3.836364,-1.42427,3.0,001383_bbox.npy,chair
-1.715835,4.174291,-1.437906,3.0,001383_bbox.npy,chair
-2.090909,4.695455,-1.401543,3.0,001383_bbox.npy,chair
-2.462126,5.091497,-1.401543,3.0,001383_bbox.npy,chair
1.532285,3.454553,-1.410633,3.0,001383_bbox.npy,chair
1.122244,3.8449,-1.410633,3.0,001383_bbox.npy,chair
0.545853,4.186457,-1.428815,3.0,001383_bbox.npy,chair
0.169735,4.509091,-1.42427,3.0,001383_bbox.npy,chair
-0.513636,5.090909,-1.401543,3.0,001383_bbox.npy,chair
0.305322,1.445455,-0.424024,3.0,001385_bbox.npy,chair
0.149426,1.938843,-0.356088,3.0,001385_bbox.npy,chair
-0.085587,2.613636,-0.392452,3.0,001385_bbox.npy,chair
1.502399,2.521647,-0.351543,3.0,001386_bbox.npy,chair
1.160657,2.904545,-0.32427,3.0,001386_bbox.npy,chair
0.800511,3.521645,-0.351543,3.0,001386_bbox.npy,chair
0.443965,4.072727,-0.378815,3.0,001386_bbox.npy,chair
-0.084907,5.027064,-0.369724,3.0,001386_bbox.npy,chair
-2.763424,3.506725,-0.933361,3.0,001399_bbox.npy,chair
1.209091,2.404545,-1.359091,3.0,001449_bbox.npy,chair
2.723742,4.572514,-1.178324,3.0,001454_bbox.npy,chair
-1.020137,5.673532,-1.120052,3.0,001595_bbox.npy,chair
-2.85,3.927273,-1.113636,3.0,001595_bbox.npy,chair
1.096877,2.00002,-0.415151,3.0,001619_bbox.npy,chair
0.675011,2.327097,-0.419146,3.0,001619_bbox.npy,chair
0.34088,2.681548,-0.440909,3.0,001619_bbox.npy,chair
-0.368182,3.472727,-0.437879,3.0,001619_bbox.npy,chair
-0.693959,3.790983,-0.444215,3.0,001619_bbox.npy,chair
-1.031818,4.227273,-0.445868,3.0,001619_bbox.npy,chair
1.568378,2.863653,-0.095868,3.0,001619_bbox.npy,chair
1.168182,3.2,-0.095868,3.0,001619_bbox.npy,chair
0.81272,3.536312,-0.109504,3.0,001619_bbox.npy,chair
0.513636,3.836364,-0.104959,3.0,001619_bbox.npy,chair
0.131818,4.254545,-0.081818,3.0,001619_bbox.npy,chair
-0.195455,4.65,-0.068182,3.0,001619_bbox.npy,chair
-2.564117,3.581818,-1.187879,3.0,001622_bbox.npy,chair
-3.187279,4.763636,-1.188843,3.0,001622_bbox.npy,chair
2.717701,3.686295,-0.990104,3.0,001668_bbox.npy,chair
2.826792,4.136364,-0.998322,3.0,001668_bbox.npy,chair
-0.09491,1.041444,0.89697,3.0,001711_bbox.npy,chair
-0.957447,5.964425,-0.8,3.0,001907_bbox.npy,chair
0.709121,3.982621,-0.502596,3.0,001958_bbox.npy,chair
-0.142918,4.195387,-0.478932,3.0,001958_bbox.npy,chair
-0.7139,3.88345,-0.483324,3.0,001958_bbox.npy,chair
2.868954,5.199788,-1.056569,3.0,001969_bbox.npy,chair
-2.6375,2.9125,-1.007955,3.0,001974_bbox.npy,chair
-3.39375,3.06875,-1.007955,3.0,001974_bbox.npy,chair
-3.85,2.0375,-0.982955,3.0,001974_bbox.npy,chair
-2.643684,3.443664,-1.051705,3.0,001979_bbox.npy,chair
2.568748,2.581248,-1.05,3.0,001980_bbox.npy,chair
-3.237367,2.631142,-0.957955,3.0,001983_bbox.npy,chair
-3.337363,3.512356,-0.882102,3.0,001983_bbox.npy,chair
2.587256,3.230945,-1.007955,3.0,001987_bbox.npy,chair
2.912483,1.868739,-1.051705,3.0,001988_bbox.npy,chair
-0.093749,5.731178,-0.953125,3.0,001993_bbox.npy,chair
3.337467,5.187449,-1.026705,3.0,001997_bbox.npy,chair
3.068485,2.43104,-0.968182,3.0,001998_bbox.npy,chair
0.443712,5.718256,-0.943182,3.0,001998_bbox.npy,chair
1.193647,6.111972,-1.005682,3.0,001998_bbox.npy,chair
2.393543,5.980733,-1.043182,3.0,001998_bbox.npy,chair
-2.667818,4.608715,-0.726325,3.0,002106_bbox.npy,chair
2.875287,1.196207,-0.784375,3.0,002121_bbox.npy,chair
0.851237,5.921407,-0.744882,3.0,002178_bbox.npy,chair
0.270576,6.064577,-0.779508,3.0,002178_bbox.npy,chair
0.172955,6.783577,-0.895458,3.0,002182_bbox.npy,chair
-1.913079,5.766434,-0.844896,3.0,002352_bbox.npy,chair
3.62484,3.05753,-0.81875,3.0,002353_bbox.npy,chair
-3.21185,6.553366,-0.829214,3.0,002398_bbox.npy,chair
-2.329313,6.176754,-0.865847,3.0,002398_bbox.npy,chair
-1.915183,6.964843,-0.826506,3.0,002398_bbox.npy,chair
-2.21875,6.5,-1.3375,3.0,002427_bbox.npy,chair
0.868176,5.754233,-0.874051,3.0,002429_bbox.npy,chair
2.291707,6.094013,-0.862701,3.0,002459_bbox.npy,chair
0.143742,2.749842,-1.4875,3.0,002482_bbox.npy,chair
0.881199,2.77484,-1.48125,3.0,002482_bbox.npy,chair
1.606158,2.812338,-1.48125,3.0,002482_bbox.npy,chair
2.254849,2.841457,-1.49375,3.0,002482_bbox.npy,chair
2.882899,2.874209,-1.4875,3.0,002482_bbox.npy,chair
3.468551,2.899833,-1.4875,3.0,002482_bbox.npy,chair
3.35603,1.349912,-0.7,3.0,002511_bbox.npy,chair
3.331032,1.999869,-0.690625,3.0,002511_bbox.npy,chair
3.254684,2.751129,-0.696875,3.0,002511_bbox.npy,chair
2.758423,3.467872,-0.690625,3.0,002511_bbox.npy,chair
-0.299885,1.661421,-0.137879,3.0,002593_bbox.npy,chair
-0.441836,1.447397,-0.261111,3.0,002601_bbox.npy,chair
0.18848,1.609219,-0.229293,3.0,002610_bbox.npy,chair
0.346858,1.231138,-0.413636,3.0,002628_bbox.npy,chair
-0.153218,1.130625,-0.454545,3.0,002629_bbox.npy,chair
-0.560606,0.995455,-0.377273,3.0,002630_bbox.npy,chair
-0.506667,0.842727,1.771212,3.0,002644_bbox.npy,chair
0.296102,3.136034,-0.519697,3.0,002652_bbox.npy,chair
0.586364,3.568182,-0.487878,3.0,002652_bbox.npy,chair
1.328788,3.768182,-0.477272,3.0,002652_bbox.npy,chair
-0.139394,0.945455,-0.312121,3.0,002685_bbox.npy,chair
0.450256,2.275664,-0.50303,3.0,002702_bbox.npy,chair
-0.093939,1.195455,-0.163636,3.0,002706_bbox.npy,chair
0.447474,1.691227,-0.398485,3.0,002745_bbox.npy,chair
0.063636,2.663636,-0.504545,3.0,002752_bbox.npy,chair
-0.931061,2.529545,-0.474242,3.0,002752_bbox.npy,chair
0.744012,2.87052,-0.495454,3.0,002798_bbox.npy,chair
1.079922,2.174947,-0.451364,3.0,002798_bbox.npy,chair
-0.137769,1.654977,-1.338182,3.0,002888_bbox.npy,chair
1.9527,4.156162,-1.315455,3.0,002938_bbox.npy,chair
-0.35394,2.977273,-1.37,3.0,002963_bbox.npy,chair
-2.004545,4.313636,-1.377273,3.0,002998_bbox.npy,chair
-0.974195,4.45,-0.524242,3.0,003027_bbox.npy,chair
0.228882,1.931818,-0.497475,3.0,003028_bbox.npy,chair
0.054545,2.795455,-0.492929,3.0,003028_bbox.npy,chair
-0.189299,3.372727,-0.506566,3.0,003028_bbox.npy,chair
-0.462027,4.227273,-0.497475,3.0,003028_bbox.npy,chair
-1.24366,2.790052,-0.50202,3.0,003028_bbox.npy,chair
-1.452936,3.645455,-0.501515,3.0,003028_bbox.npy,chair
1.174337,2.827273,-0.442424,3.0,003028_bbox.npy,chair
0.98995,3.426882,-0.422727,3.0,003028_bbox.npy,chair
0.747064,4.054545,-0.44798,3.0,003028_bbox.npy,chair
0.574967,4.608545,-0.44798,3.0,003028_bbox.npy,chair
1.067266,4.218182,-0.429293,3.0,003033_bbox.npy,chair
0.602318,2.870402,-0.515151,3.0,003034_bbox.npy,chair
1.52631,2.85,-0.506566,3.0,003034_bbox.npy,chair
-0.05,1.840909,-0.437879,3.0,003035_bbox.npy,chair
0.734792,1.497953,-0.479293,3.0,003035_bbox.npy,chair
0.72631,2.322727,-0.469697,3.0,003035_bbox.npy,chair
0.304545,3.018182,-0.431313,3.0,003035_bbox.npy,chair
-0.99738,3.254545,-0.524747,3.0,003035_bbox.npy,chair
-0.095455,3.572727,-0.519697,3.0,003035_bbox.npy,chair
0.995455,3.613636,-0.436364,3.0,003035_bbox.npy,chair
0.258128,1.815657,-0.501515,3.0,003037_bbox.npy,chair
-0.68829,2.895455,-0.515656,3.0,003037_bbox.npy,chair
-0.490909,2.522727,-0.443636,3.0,003087_bbox.npy,chair
0.022251,3.944976,-0.511818,3.0,003087_bbox.npy,chair
1.10933,2.513859,-0.200909,3.0,003090_bbox.npy,chair
0.247273,3.698182,0.315455,3.0,003091_bbox.npy,chair
0.540909,1.686364,-0.261818,3.0,003091_bbox.npy,chair
1.045455,1.831818,-0.253636,3.0,003091_bbox.npy,chair
0.418182,2.631818,-0.018182,3.0,003091_bbox.npy,chair
0.989376,2.807706,-0.023636,3.0,003091_bbox.npy,chair
1.509091,2.940909,-0.021818,3.0,003091_bbox.npy,chair
0.840909,3.804545,0.32,3.0,003091_bbox.npy,chair
1.412625,3.90056,0.324545,3.0,003091_bbox.npy,chair
1.977273,4.027273,0.326364,3.0,003091_bbox.npy,chair
0.095455,4.631818,0.603636,3.0,003091_bbox.npy,chair
0.686364,4.727273,0.605455,3.0,003091_bbox.npy,chair
1.217273,4.767273,0.615455,3.0,003091_bbox.npy,chair
-0.090909,0.854545,-0.412727,3.0,003092_bbox.npy,chair
-0.036364,1.445455,-0.389091,3.0,003092_bbox.npy,chair
-0.050909,2.119091,-0.339091,3.0,003092_bbox.npy,chair
-0.045455,2.736364,-0.311818,3.0,003092_bbox.npy,chair
0.027273,3.390909,-0.241818,3.0,003092_bbox.npy,chair
0.05,4.054545,-0.19,3.0,003092_bbox.npy,chair
0.077273,4.681818,-0.135455,3.0,003092_bbox.npy,chair
0.853393,2.099215,-0.516364,3.0,003092_bbox.npy,chair
0.914545,2.680909,-0.491818,3.0,003092_bbox.npy,chair
0.895455,3.272727,-0.46,3.0,003092_bbox.npy,chair
0.863636,3.890909,-0.419091,3.0,003092_bbox.npy,chair
0.931818,4.6,-0.391818,3.0,003092_bbox.npy,chair
0.736364,3.809091,-1.373636,3.0,003094_bbox.npy,chair
-1.159091,3.55,-1.399091,3.0,003094_bbox.npy,chair
-1.807549,3.50129,-1.435455,3.0,003094_bbox.npy,chair
1.45558,3.664232,-1.394545,3.0,003094_bbox.npy,chair
-1.877273,4.439091,-1.662727,3.0,003094_bbox.npy,chair
-1.313636,4.5,-1.658182,3.0,003094_bbox.npy,chair
0.231818,2.271818,-0.117273,3.0,003095_bbox.npy,chair
-0.371818,2.621818,-0.120909,3.0,003095_bbox.npy,chair
-0.904545,2.931818,-0.107273,3.0,003095_bbox.npy,chair
-1.440909,3.136364,-0.087273,3.0,003095_bbox.npy,chair
-0.090909,1.313636,-0.38,3.0,003095_bbox.npy,chair
-0.672727,1.640909,-0.369091,3.0,003095_bbox.npy,chair
-1.163636,1.913636,-0.352727,3.0,003095_bbox.npy,chair
0.76,3.203636,-0.502727,3.0,003098_bbox.npy,chair
0.209091,3.504545,-0.507273,3.0,003098_bbox.npy,chair
1.268096,3.963238,-0.343636,3.0,003098_bbox.npy,chair
0.722727,4.354545,-0.348182,3.0,003098_bbox.npy,chair
0.15,4.645455,-0.349091,3.0,003098_bbox.npy,chair
-0.5,4.809091,-0.337273,3.0,003098_bbox.npy,chair
-0.427273,1.494545,-0.466364,3.0,003099_bbox.npy,chair
-0.854545,1.818182,-0.462727,3.0,003099_bbox.npy,chair
-1.336364,2.159091,-0.458182,3.0,003099_bbox.npy,chair
0.222727,2.304545,-0.391818,3.0,003099_bbox.npy,chair
-0.277273,2.636364,-0.380909,3.0,003099_bbox.npy,chair
-0.722727,2.95,-0.39,3.0,003099_bbox.npy,chair
-1.188272,4.661623,-1.374545,3.0,003101_bbox.npy,chair
-0.769661,1.291729,-0.451818,3.0,003102_bbox.npy,chair
-0.991647,1.809199,-0.47,3.0,003102_bbox.npy,chair
-1.278532,2.27803,-0.506364,3.0,003102_bbox.npy,chair
-1.493401,2.766981,-0.474545,3.0,003102_bbox.npy,chair
-1.97424,3.691766,-0.506364,3.0,003102_bbox.npy,chair
2.209091,4.509091,-0.473636,3.0,003112_bbox.npy,chair
1.736364,4.459091,-0.473636,3.0,003112_bbox.npy,chair
1.195455,4.430909,-0.467273,3.0,003112_bbox.npy,chair
-2.11156,4.544196,-0.217273,3.0,003112_bbox.npy,chair
-1.688141,3.703279,-0.470909,3.0,003112_bbox.npy,chair
-1.136364,3.95,-0.469091,3.0,003112_bbox.npy,chair
-0.596251,4.190452,-0.469091,3.0,003112_bbox.npy,chair
0.895455,4.477273,-0.182727,3.0,003170_bbox.npy,chair
0.269091,1.202727,-0.366364,3.0,003170_bbox.npy,chair
-0.385454,1.226364,-0.375455,3.0,003170_bbox.npy,chair
-0.211176,1.486764,-0.39035,3.0,003300_bbox.npy,chair
-0.146181,2.373446,-0.39035,3.0,003300_bbox.npy,chair
0.88364,1.532466,-0.444895,3.0,003300_bbox.npy,chair
0.829247,2.481959,-0.331259,3.0,003300_bbox.npy,chair
-1.304545,2.413636,-0.335804,3.0,003300_bbox.npy,chair
-0.312579,1.290909,-0.45404,3.0,003306_bbox.npy,chair
-0.285724,2.219856,-0.431313,3.0,003306_bbox.npy,chair
-0.245455,3.104545,-0.40404,3.0,003306_bbox.npy,chair
0.05,4.154545,-0.417677,3.0,003306_bbox.npy,chair
-1.310453,2.979493,-0.481313,3.0,003306_bbox.npy,chair
-1.290909,3.995455,-0.472222,3.0,003306_bbox.npy,chair
-0.417125,1.081818,-0.433838,3.0,003311_bbox.npy,chair
-0.398943,1.997475,-0.417677,3.0,003311_bbox.npy,chair
-0.391592,2.885869,-0.421717,3.0,003311_bbox.npy,chair
-1.268182,2.75,-0.422727,3.0,003311_bbox.npy,chair
0.740909,1.05,-0.440909,3.0,003311_bbox.npy,chair
0.586364,1.845455,-0.445454,3.0,003311_bbox.npy,chair
0.75,2.622727,-0.422222,3.0,003311_bbox.npy,chair
-0.490473,2.239792,-0.514141,3.0,003312_bbox.npy,chair
0.149589,4.127273,-0.265151,3.0,003315_bbox.npy,chair
-1.429469,4.089711,-0.24697,3.0,003315_bbox.npy,chair
-0.397574,4.105359,-0.269697,3.0,003315_bbox.npy,chair
-0.927683,4.090909,-0.24697,3.0,003315_bbox.npy,chair
-1.932229,4.1,-0.269697,3.0,003315_bbox.npy,chair
-0.921839,2.102534,-0.097475,3.0,003316_bbox.npy,chair
0.461364,1.979545,-0.024242,3.0,003316_bbox.npy,chair
0.290909,3.177273,-0.135354,3.0,003317_bbox.npy,chair
0.486364,2.590909,-0.144444,3.0,003317_bbox.npy,chair
0.686364,2.054545,-0.14899,3.0,003317_bbox.npy,chair
0.848835,1.50335,-0.139899,3.0,003317_bbox.npy,chair
-0.019791,3.415261,-0.222727,3.0,003323_bbox.npy,chair
0.531818,3.363636,-0.227273,3.0,003323_bbox.npy,chair
1.027795,3.322271,-0.236364,3.0,003323_bbox.npy,chair
1.554545,3.272727,-0.245455,3.0,003323_bbox.npy,chair
-0.23268,4.473442,0.2,3.0,003323_bbox.npy,chair
0.341916,4.390122,0.2,3.0,003323_bbox.npy,chair
0.879569,4.35794,0.181818,3.0,003323_bbox.npy,chair
1.351007,4.322043,0.177273,3.0,003323_bbox.npy,chair
1.836364,4.272727,0.159091,3.0,003323_bbox.npy,chair
-1.854545,4.431818,0.163636,3.0,003323_bbox.npy,chair
-1.659091,3.468182,-0.236364,3.0,003323_bbox.npy,chair
0.702905,0.969233,-0.327273,3.0,003324_bbox.npy,chair
0.363636,2.0,-0.013636,3.0,003324_bbox.npy,chair
0.890909,2.018182,-0.018182,3.0,003324_bbox.npy,chair
0.181818,3.013636,0.454545,3.0,003324_bbox.npy,chair
0.686364,3.022727,0.463636,3.0,003324_bbox.npy,chair
1.190909,3.040909,0.454545,3.0,003324_bbox.npy,chair
1.731818,3.05,0.45,3.0,003324_bbox.npy,chair
0.031818,4.15,0.831818,3.0,003324_bbox.npy,chair
0.577273,4.145455,0.831818,3.0,003324_bbox.npy,chair
1.104545,4.15,0.840909,3.0,003324_bbox.npy,chair
1.681818,4.140909,0.840909,3.0,003324_bbox.npy,chair
2.604545,4.727273,-0.972727,3.0,003378_bbox.npy,chair
-2.631818,4.481818,-1.118182,3.0,003380_bbox.npy,chair
-2.672727,4.677273,-1.159091,3.0,003383_bbox.npy,chair
-0.045455,1.404545,-0.481818,3.0,003431_bbox.npy,chair
0.754545,2.386364,-0.413636,3.0,003431_bbox.npy,chair
-0.409091,2.886364,-0.436364,3.0,003448_bbox.npy,chair
0.05,1.677273,-0.486364,3.0,003454_bbox.npy,chair
-1.477273,3.5,-0.504545,3.0,003471_bbox.npy,chair
0.527273,4.204545,-0.422727,3.0,003471_bbox.npy,chair
0.172727,2.018182,-0.522727,3.0,003474_bbox.npy,chair
-0.563636,0.495455,-0.354545,3.0,003477_bbox.npy,chair
0.277273,1.690909,-0.468182,3.0,003480_bbox.npy,chair
-0.68029,1.825075,-0.490909,3.0,003493_bbox.npy,chair
1.245455,2.6,-0.481818,3.0,003493_bbox.npy,chair
-0.404545,2.095455,-0.477273,3.0,003499_bbox.npy,chair
-0.104545,1.418182,-0.495455,3.0,003510_bbox.npy,chair
0.572727,1.818182,-0.5,3.0,003510_bbox.npy,chair
-0.136364,2.068182,-0.490909,3.0,003510_bbox.npy,chair
0.836364,2.913636,-0.5,3.0,003510_bbox.npy,chair
-1.331818,2.222727,-0.513636,3.0,003515_bbox.npy,chair
-1.177273,2.286364,-0.518182,3.0,003517_bbox.npy,chair
-1.167377,3.817299,-0.436364,3.0,003523_bbox.npy,chair
-0.493777,3.7056,-0.422727,3.0,003523_bbox.npy,chair
0.263844,3.505782,-0.463636,3.0,003523_bbox.npy,chair
1.381818,4.113636,-0.431818,3.0,003523_bbox.npy,chair
-1.818592,4.581818,-0.445455,3.0,003523_bbox.npy,chair
-1.392449,2.543459,-0.522727,3.0,003525_bbox.npy,chair
-0.349136,0.9457,-0.522727,3.0,003525_bbox.npy,chair
0.268182,1.031818,-0.422727,3.0,003543_bbox.npy,chair
0.322727,1.027273,-0.518182,3.0,003547_bbox.npy,chair
-0.3911,1.578293,-0.518182,3.0,003547_bbox.npy,chair
0.891157,4.329927,-0.509091,3.0,003547_bbox.npy,chair
1.331264,3.936283,-0.522727,3.0,003547_bbox.npy,chair
1.731818,3.536364,-0.509091,3.0,003547_bbox.npy,chair
-0.62221,1.257472,-0.504545,3.0,003548_bbox.npy,chair
-0.554545,1.877273,-0.490909,3.0,003548_bbox.npy,chair
-0.509091,2.4,-0.5,3.0,003548_bbox.npy,chair
-1.086364,2.459091,-0.513636,3.0,003549_bbox.npy,chair
0.487388,1.551752,-0.513636,3.0,003550_bbox.npy,chair
-0.439911,1.930849,-0.427273,3.0,003566_bbox.npy,chair
-0.436364,1.290909,-0.427273,3.0,003566_bbox.npy,chair
0.464233,1.505656,-0.463636,3.0,003566_bbox.npy,chair
0.295455,1.440909,-0.509091,3.0,003567_bbox.npy,chair
-0.338937,1.478071,-0.518182,3.0,003567_bbox.npy,chair
-0.307864,1.726354,-0.440909,3.0,003569_bbox.npy,chair
1.38592,3.790081,-0.522727,3.0,003575_bbox.npy,chair
0.6219,2.711345,-0.518182,3.0,003579_bbox.npy,chair
0.262717,3.14865,-0.509091,3.0,003579_bbox.npy,chair
-0.396759,3.827024,-0.509091,3.0,003579_bbox.npy,chair
1.168182,2.027273,-0.522727,3.0,003579_bbox.npy,chair
-0.477273,1.968182,-0.377273,3.0,003605_bbox.npy,chair
-0.048737,2.182065,-0.509091,3.0,003606_bbox.npy,chair
-0.603973,1.857199,-0.472727,3.0,003607_bbox.npy,chair
-0.363636,2.922727,-0.481818,3.0,003612_bbox.npy,chair
0.081162,2.544658,-0.477273,3.0,003617_bbox.npy,chair
-0.145455,1.263636,-0.518182,3.0,003619_bbox.npy,chair
0.826276,4.643129,-0.395455,3.0,003651_bbox.npy,chair
0.732762,1.812607,-0.422727,3.0,003668_bbox.npy,chair
0.654074,1.698504,-0.518182,3.0,003673_bbox.npy,chair
0.586656,3.513455,-0.454545,3.0,003676_bbox.npy,chair
0.2,1.131818,-0.495455,3.0,003680_bbox.npy,chair
-1.278927,2.197654,-0.481818,3.0,003680_bbox.npy,chair
0.089064,3.276659,-0.486364,3.0,003681_bbox.npy,chair
-0.305493,3.292871,-0.486364,3.0,003683_bbox.npy,chair
0.346037,2.140674,-0.5,3.0,003684_bbox.npy,chair
0.22789,1.423001,-0.518182,3.0,003686_bbox.npy,chair
-0.295455,2.709091,-0.472727,3.0,003693_bbox.npy,chair
0.731818,1.613636,-0.413636,3.0,003694_bbox.npy,chair
-1.290909,3.736364,-0.427273,3.0,003694_bbox.npy,chair
-0.745455,2.004545,-0.431818,3.0,003695_bbox.npy,chair
-0.904545,2.009091,-0.486364,3.0,003696_bbox.npy,chair
-0.177273,2.736364,-0.418182,3.0,003696_bbox.npy,chair
0.338442,1.555304,-0.463636,3.0,003701_bbox.npy,chair
0.490909,1.045455,-0.513636,3.0,003706_bbox.npy,chair
0.019377,1.418213,-0.454545,3.0,003706_bbox.npy,chair
1.668182,3.531818,-0.472727,3.0,003706_bbox.npy,chair
-0.181818,1.559091,-0.463636,3.0,003710_bbox.npy,chair
0.345455,1.604545,-0.477273,3.0,003712_bbox.npy,chair
0.277273,1.322727,-0.390909,3.0,003713_bbox.npy,chair
-1.022727,2.922727,-0.513636,3.0,003724_bbox.npy,chair
-0.9,2.995455,-0.440909,3.0,003725_bbox.npy,chair
0.29967,3.54619,-0.431818,3.0,003725_bbox.npy,chair
0.763719,4.139181,-0.427273,3.0,003725_bbox.npy,chair
1.867999,3.7924,-0.45,3.0,003725_bbox.npy,chair
0.068182,3.490909,-0.486364,3.0,003726_bbox.npy,chair
-1.018182,3.422727,-0.481818,3.0,003726_bbox.npy,chair
-1.240081,2.519097,-0.495455,3.0,003726_bbox.npy,chair
-1.287183,3.042293,-0.513636,3.0,003739_bbox.npy,chair
-1.468182,2.988636,-0.509091,3.0,003748_bbox.npy,chair
1.227699,4.038447,-0.518182,3.0,003754_bbox.npy,chair
0.481818,1.627273,-0.504545,3.0,003757_bbox.npy,chair
-0.4,1.609091,-0.518182,3.0,003758_bbox.npy,chair
-0.227274,1.191021,-0.486364,3.0,003759_bbox.npy,chair
0.593554,4.18785,-0.486364,3.0,003759_bbox.npy,chair
-0.722727,2.545455,-0.472727,3.0,003759_bbox.npy,chair
0.007948,1.422746,-0.522727,3.0,003760_bbox.npy,chair
-0.102517,0.722867,-0.522727,3.0,003761_bbox.npy,chair
2.013368,4.246836,-0.513636,3.0,003761_bbox.npy,chair
0.204545,1.086364,-0.490909,3.0,003763_bbox.npy,chair
-1.181818,2.809091,-0.45,3.0,003763_bbox.npy,chair
0.108367,4.44337,-0.459091,3.0,003764_bbox.npy,chair
-0.895455,1.618182,-0.481818,3.0,003764_bbox.npy,chair
1.586364,4.336364,-0.472727,3.0,003764_bbox.npy,chair
0.086385,1.081588,-0.490909,3.0,003765_bbox.npy,chair
0.479797,2.878647,-0.477273,3.0,003765_bbox.npy,chair
-0.431818,2.377273,-0.413636,3.0,003766_bbox.npy,chair
0.143574,2.454702,-0.377273,3.0,003766_bbox.npy,chair
0.7008,2.156884,-0.468182,3.0,003767_bbox.npy,chair
-0.895455,2.304545,-0.504545,3.0,003767_bbox.npy,chair
-0.871599,2.876083,-0.459091,3.0,003768_bbox.npy,chair
0.618182,2.922727,-0.495455,3.0,003768_bbox.npy,chair
-0.145455,1.072727,-0.390909,3.0,003769_bbox.npy,chair
-0.436128,3.087352,-0.440909,3.0,003770_bbox.npy,chair
0.895455,2.218182,-0.472727,3.0,003770_bbox.npy,chair
1.277273,4.6,-0.504545,3.0,003770_bbox.npy,chair
-0.868182,2.272727,-0.440909,3.0,003771_bbox.npy,chair
-0.777748,4.209203,-0.413636,3.0,003771_bbox.npy,chair
-1.568044,3.182514,-0.404545,3.0,003772_bbox.npy,chair
0.272727,1.768182,-0.381818,3.0,003773_bbox.npy,chair
1.644708,2.955416,-0.372727,3.0,003773_bbox.npy,chair
0.113636,1.754545,-0.295455,3.0,003774_bbox.npy,chair
-0.136364,1.954545,-0.431818,3.0,003777_bbox.npy,chair
-0.624917,1.875495,-0.472727,3.0,003778_bbox.npy,chair
-0.93877,2.499203,-0.448485,3.0,003793_bbox.npy,chair
-0.345175,1.285874,-0.443939,3.0,003805_bbox.npy,chair
-0.104545,1.381818,-0.427273,3.0,003911_bbox.npy,chair
-0.06631,2.007343,-0.413636,3.0,003911_bbox.npy,chair
-0.722727,1.5,-0.427273,3.0,003915_bbox.npy,chair
-0.590909,2.040909,-0.422727,3.0,003915_bbox.npy,chair
-0.454545,2.572727,-0.413636,3.0,003915_bbox.npy,chair
-0.295455,3.072727,-0.413636,3.0,003915_bbox.npy,chair
-0.140909,3.527273,-0.418182,3.0,003915_bbox.npy,chair
0.013636,3.990909,-0.418182,3.0,003915_bbox.npy,chair
0.2,4.472727,-0.418182,3.0,003915_bbox.npy,chair
0.413636,4.931818,-0.422727,3.0,003915_bbox.npy,chair
-0.857773,0.99126,-0.431818,3.0,003915_bbox.npy,chair
-0.9,2.55,-1.772727,3.0,003916_bbox.npy,chair
-0.336364,2.577273,-1.777273,3.0,003916_bbox.npy,chair
0.240909,2.618182,-1.809091,3.0,003916_bbox.npy,chair
0.736364,2.681818,-1.727273,3.0,003916_bbox.npy,chair
-1.004545,3.072727,-0.490909,3.0,003918_bbox.npy,chair
0.595455,3.040909,-0.463636,3.0,003920_bbox.npy,chair
0.541818,2.152727,-0.518182,3.0,003921_bbox.npy,chair
-0.55,3.409091,-0.509091,3.0,003924_bbox.npy,chair
0.845455,3.404545,-0.518182,3.0,003924_bbox.npy,chair
0.158834,2.168045,-0.486364,3.0,003926_bbox.npy,chair
1.318182,3.004545,-0.486364,3.0,003926_bbox.npy,chair
1.14231,4.093049,-0.477273,3.0,003927_bbox.npy,chair
0.343554,3.095775,-0.522727,3.0,003927_bbox.npy,chair
-0.599203,1.890172,-0.486364,3.0,003927_bbox.npy,chair
-0.053154,0.684152,-0.431818,3.0,003928_bbox.npy,chair
-0.731818,1.890909,-0.427273,3.0,003928_bbox.npy,chair
1.324612,2.69878,-0.386364,3.0,003929_bbox.npy,chair
0.452351,1.64185,-0.481818,3.0,003929_bbox.npy,chair
-0.149709,2.027412,-0.503409,3.0,003931_bbox.npy,chair
0.598022,3.475796,-0.509091,3.0,003932_bbox.npy,chair
0.572727,2.577273,-0.5,3.0,003934_bbox.npy,chair
-0.272727,2.713636,-0.381818,3.0,003950_bbox.npy,chair
0.163477,3.260402,-0.381818,3.0,003950_bbox.npy,chair
0.620032,3.841325,-0.381818,3.0,003950_bbox.npy,chair
1.079563,4.333808,-0.381818,3.0,003950_bbox.npy,chair
-0.389484,1.842252,-0.404545,3.0,003950_bbox.npy,chair
0.398452,2.008852,-0.390909,3.0,003950_bbox.npy,chair
0.846386,2.497791,-0.368182,3.0,003950_bbox.npy,chair
1.3,2.963636,-0.35,3.0,003950_bbox.npy,chair
-0.012015,2.295869,-0.481818,3.0,003951_bbox.npy,chair
0.085927,0.550799,-1.327273,3.0,003959_bbox.npy,chair
0.727273,1.8,-1.309091,3.0,004138_bbox.npy,chair
1.086364,3.245455,-0.5,3.0,004544_bbox.npy,chair
-0.072727,3.35,-0.522727,3.0,004544_bbox.npy,chair
-0.609091,3.781818,-0.518182,3.0,004544_bbox.npy,chair
0.151665,1.413647,-0.242424,3.0,004573_bbox.npy,chair
-0.228765,1.757749,-0.237878,3.0,004573_bbox.npy,chair
-0.638217,2.120334,-0.233333,3.0,004573_bbox.npy,chair
-1.048899,2.497335,-0.233333,3.0,004573_bbox.npy,chair
-1.480296,2.833329,-0.233333,3.0,004573_bbox.npy,chair
-1.891872,3.163636,-0.233333,3.0,004573_bbox.npy,chair
0.56249,1.05397,-0.233333,3.0,004573_bbox.npy,chair
1.012288,1.658619,0.171212,3.0,004573_bbox.npy,chair
0.562957,2.015279,0.19394,3.0,004573_bbox.npy,chair
0.112223,2.390646,0.198485,3.0,004573_bbox.npy,chair
-0.302144,2.767135,0.203031,3.0,004573_bbox.npy,chair
-0.724654,3.131818,0.230303,3.0,004573_bbox.npy,chair
-1.124654,3.5,0.203031,3.0,004573_bbox.npy,chair
1.15916,2.650222,0.821212,3.0,004573_bbox.npy,chair
0.716255,2.986364,0.834849,3.0,004573_bbox.npy,chair
0.2854,3.331818,0.834849,3.0,004573_bbox.npy,chair
-0.500963,1.831818,-0.519697,3.0,004574_bbox.npy,chair
-0.879199,2.109091,-0.50606,3.0,004574_bbox.npy,chair
1.016768,1.768707,-0.360606,3.0,004574_bbox.npy,chair
0.890909,1.609091,-0.404545,3.0,004595_bbox.npy,chair
0.395455,1.945455,-0.404545,3.0,004595_bbox.npy,chair
-0.045455,2.240909,-0.404545,3.0,004595_bbox.npy,chair
-0.463636,2.527273,-0.409091,3.0,004595_bbox.npy,chair
-0.85,2.8,-0.409091,3.0,004595_bbox.npy,chair
-1.286364,3.1,-0.418182,3.0,004595_bbox.npy,chair
1.559091,2.577273,-0.018182,3.0,004595_bbox.npy,chair
1.104545,2.895455,-0.004545,3.0,004595_bbox.npy,chair
0.672727,3.186364,-0.022727,3.0,004595_bbox.npy,chair
0.222727,3.454545,0.036364,3.0,004595_bbox.npy,chair
-0.222727,3.731818,0.013636,3.0,004595_bbox.npy,chair
0.795455,2.036364,-0.227273,3.0,004596_bbox.npy,chair
0.422727,2.386364,-0.268182,3.0,004596_bbox.npy,chair
0.045455,2.704545,-0.277273,3.0,004596_bbox.npy,chair
-0.363636,3.077273,-0.254545,3.0,004596_bbox.npy,chair
0.768182,1.304545,-0.322727,3.0,004601_bbox.npy,chair
0.377273,1.654545,-0.309091,3.0,004601_bbox.npy,chair
0.004545,1.936364,-0.322727,3.0,004601_bbox.npy,chair
-0.354545,2.272727,-0.340909,3.0,004601_bbox.npy,chair
-0.745455,2.604545,-0.331818,3.0,004601_bbox.npy,chair
0.300316,3.065692,-0.562121,8.0,000077_bbox.npy,table
-1.531818,3.095455,-0.427273,8.0,000077_bbox.npy,table
-0.410371,4.797593,-1.086364,8.0,000095_bbox.npy,table
-0.41625,1.4275,-0.39125,8.0,000124_bbox.npy,table
-2.331818,3.895455,-0.930303,8.0,000223_bbox.npy,table
-2.168182,4.777273,-0.725758,8.0,000228_bbox.npy,table
1.855603,4.740909,-0.713636,8.0,000241_bbox.npy,table
-2.286364,5.127273,-0.85505,8.0,000245_bbox.npy,table
0.473785,5.104545,-0.827778,8.0,000245_bbox.npy,table
-3.236364,4.527273,-0.806818,8.0,000251_bbox.npy,table
-2.679836,4.490924,-1.022727,8.0,000252_bbox.npy,table
0.1,5.054545,-0.881818,8.0,000254_bbox.npy,table
2.424495,4.284132,-0.944444,8.0,000261_bbox.npy,table
2.207577,2.579324,-1.100887,8.0,000266_bbox.npy,table
1.526091,4.590756,-0.909091,8.0,000269_bbox.npy,table
-2.468182,5.604545,-0.765909,8.0,000273_bbox.npy,table
1.122809,5.028338,-0.872727,8.0,000284_bbox.npy,table
2.413636,3.663636,-0.868182,8.0,000284_bbox.npy,table
-1.944443,5.011471,-0.793182,8.0,000284_bbox.npy,table
-0.65669,5.536337,-0.8,8.0,000317_bbox.npy,table
1.3,4.563636,-0.854545,8.0,000351_bbox.npy,table
2.427273,2.404545,-0.725,8.0,000433_bbox.npy,table
0.402683,4.776539,-1.016025,8.0,000592_bbox.npy,table
-0.131818,4.663636,-0.968182,8.0,000608_bbox.npy,table
1.147727,4.739624,-0.97427,8.0,000644_bbox.npy,table
-0.429906,4.741949,-0.795796,8.0,000699_bbox.npy,table
1.210416,4.871298,-0.587906,8.0,000704_bbox.npy,table
2.03158,5.737292,-0.822652,8.0,000719_bbox.npy,table
-1.686364,5.068182,-0.818106,8.0,000801_bbox.npy,table
2.281818,3.031818,-0.849924,8.0,000810_bbox.npy,table
-1.290909,4.945455,-0.847727,8.0,000814_bbox.npy,table
-2.295455,4.013636,-0.843182,8.0,000929_bbox.npy,table
2.565382,3.955426,-1.096997,8.0,001068_bbox.npy,table
2.231493,5.583571,-0.97427,8.0,001080_bbox.npy,table
2.032817,5.478501,-0.995455,8.0,001081_bbox.npy,table
-2.906035,4.259091,-1.019479,8.0,001092_bbox.npy,table
0.609091,5.513636,-0.91803,8.0,001093_bbox.npy,table
2.185028,3.680642,-0.887059,8.0,001093_bbox.npy,table
-2.831535,3.542847,-0.820455,8.0,001102_bbox.npy,table
2.427273,3.868182,-0.913636,8.0,001169_bbox.npy,table
-2.95,3.804545,-1.004545,8.0,001169_bbox.npy,table
-1.781818,4.681818,-0.995455,8.0,001169_bbox.npy,table
1.735578,4.588937,-0.825771,8.0,001176_bbox.npy,table
-2.709932,3.616666,-0.990909,8.0,001338_bbox.npy,table
-2.7,2.804545,-0.904545,8.0,001343_bbox.npy,table
-2.443031,1.93219,-0.968182,8.0,001348_bbox.npy,table
-2.018182,4.663636,-0.959091,8.0,001349_bbox.npy,table
-2.35,2.390909,-0.95,8.0,001350_bbox.npy,table
2.284024,2.298754,-0.986364,8.0,001358_bbox.npy,table
-3.177273,3.05,-0.986364,8.0,001359_bbox.npy,table
2.386364,2.681818,-0.75,8.0,001369_bbox.npy,table
1.022727,4.072727,-1.45,8.0,001375_bbox.npy,table
1.91872,3.786513,-1.54611,8.0,001378_bbox.npy,table
2.030276,2.685226,-1.49611,8.0,001378_bbox.npy,table
2.176096,1.681791,-1.396465,8.0,001378_bbox.npy,table
-2.292209,2.513541,-1.519492,8.0,001378_bbox.npy,table
-2.0,1.318182,-1.351311,8.0,001378_bbox.npy,table
2.35469,3.175107,-1.09237,8.0,001380_bbox.npy,table
3.161465,4.602319,-0.809344,8.0,001380_bbox.npy,table
-0.902818,3.882564,-1.492452,8.0,001383_bbox.npy,table
-0.028213,5.141437,-1.492452,8.0,001383_bbox.npy,table
-0.510327,3.39307,-0.460633,8.0,001385_bbox.npy,table
0.30539,3.875709,-0.446997,8.0,001386_bbox.npy,table
-1.268182,4.745455,-1.172727,8.0,001454_bbox.npy,table
2.395455,3.186364,-1.031818,8.0,001460_bbox.npy,table
-1.509091,4.772727,-1.029143,8.0,001487_bbox.npy,table
2.242088,3.527607,-0.956962,8.0,001489_bbox.npy,table
1.936618,4.679183,-0.968182,8.0,001497_bbox.npy,table
0.460644,4.736364,-1.037906,8.0,001527_bbox.npy,table
2.240909,2.527273,-0.996997,8.0,001534_bbox.npy,table
-2.357576,4.318182,-0.916667,8.0,001558_bbox.npy,table
1.028761,5.572803,-0.825,8.0,001573_bbox.npy,table
2.286113,4.224827,-0.927273,8.0,001596_bbox.npy,table
-1.348033,5.662464,-0.842677,8.0,001604_bbox.npy,table
1.559135,5.79133,-0.85,8.0,001604_bbox.npy,table
-2.424451,3.925655,-0.736364,8.0,001691_bbox.npy,table
2.522727,2.386364,-0.918182,8.0,001692_bbox.npy,table
-2.456248,2.537498,-0.89375,8.0,001907_bbox.npy,table
-2.377599,2.021365,-0.86875,8.0,001908_bbox.npy,table
0.355739,5.49242,-1.014205,8.0,001984_bbox.npy,table
2.293736,2.187487,-1.10625,8.0,001988_bbox.npy,table
0.700129,4.970775,-0.9375,8.0,001993_bbox.npy,table
1.362347,7.068387,-1.048491,8.0,001995_bbox.npy,table
0.677487,6.643031,-0.867509,8.0,002178_bbox.npy,table
-2.519742,6.742102,-0.813637,8.0,002398_bbox.npy,table
1.011067,4.663703,-0.875,8.0,002401_bbox.npy,table
0.534234,4.560099,-0.937893,8.0,002428_bbox.npy,table
2.042414,2.009712,-1.56875,8.0,002482_bbox.npy,table
2.637829,2.120383,-0.85,8.0,002511_bbox.npy,table
-3.099712,5.06203,-0.84375,8.0,002513_bbox.npy,table
0.868182,1.304545,-0.154545,8.0,002561_bbox.npy,table
0.009546,2.009905,-0.165151,8.0,002593_bbox.npy,table
-0.712543,2.137757,-0.307071,8.0,002610_bbox.npy,table
-0.218124,1.938102,-0.366162,8.0,002611_bbox.npy,table
0.80303,1.257576,-0.213636,8.0,002626_bbox.npy,table
0.311282,1.633977,-0.165151,8.0,002627_bbox.npy,table
-0.349905,2.065612,-0.493939,8.0,002628_bbox.npy,table
-0.928788,1.913636,-0.542424,8.0,002629_bbox.npy,table
-0.28,0.894545,-0.310606,8.0,002663_bbox.npy,table
0.040909,1.713636,-0.254545,8.0,002685_bbox.npy,table
0.154545,1.495455,-0.316666,8.0,002705_bbox.npy,table
0.542424,1.854545,-0.095455,8.0,002706_bbox.npy,table
0.042784,1.071192,-0.560606,8.0,002711_bbox.npy,table
0.307576,2.490909,-0.324242,8.0,002728_bbox.npy,table
0.704545,1.268182,-0.529545,8.0,002728_bbox.npy,table
0.084733,1.387918,-0.512879,8.0,002778_bbox.npy,table
0.914493,0.970061,-1.406364,8.0,002805_bbox.npy,table
-0.330573,2.005317,-1.361857,8.0,002807_bbox.npy,table
-0.672727,1.227273,-1.354545,8.0,002843_bbox.npy,table
0.605517,3.178262,-1.342727,8.0,002889_bbox.npy,table
1.537101,2.763818,-1.42,8.0,002893_bbox.npy,table
-2.25394,3.890909,-1.238182,8.0,002894_bbox.npy,table
-0.985758,1.777273,-1.351818,8.0,002934_bbox.npy,table
1.06909,4.782973,-1.409091,8.0,002937_bbox.npy,table
0.825858,2.576263,-1.456364,8.0,002938_bbox.npy,table
-1.345455,4.618182,-1.329091,8.0,002939_bbox.npy,table
-0.80394,4.795455,-1.342727,8.0,002949_bbox.npy,table
1.463564,4.58747,-1.145454,8.0,002950_bbox.npy,table
0.822727,3.8,-1.47,8.0,002954_bbox.npy,table
1.236364,2.545455,-1.433636,8.0,002955_bbox.npy,table
0.986364,0.95,-1.406364,8.0,002956_bbox.npy,table
0.290374,2.610207,-1.347273,8.0,002972_bbox.npy,table
0.16658,1.007715,-1.37,8.0,002975_bbox.npy,table
-0.436364,3.263636,-1.407071,8.0,003003_bbox.npy,table
-0.221274,1.511755,-1.334343,8.0,003005_bbox.npy,table
-0.06188,2.17998,-0.506566,8.0,003033_bbox.npy,table
-0.326524,2.920414,-0.578788,8.0,003040_bbox.npy,table
2.222727,4.495455,-1.112727,8.0,003096_bbox.npy,table
0.85,4.908182,-0.735455,8.0,003107_bbox.npy,table
-0.037168,1.487679,-0.384545,8.0,003170_bbox.npy,table
0.136364,4.036364,-0.163636,8.0,003170_bbox.npy,table
-0.704545,3.695455,-1.395455,8.0,003207_bbox.npy,table
-1.396632,2.732975,-0.581818,8.0,003303_bbox.npy,table
0.266203,2.209778,-0.318182,8.0,003322_bbox.npy,table
0.404545,2.581818,-0.422727,8.0,003323_bbox.npy,table
-0.527926,4.294344,-1.340909,8.0,003398_bbox.npy,table
-2.268182,4.945455,-1.136364,8.0,003399_bbox.npy,table
-0.154545,4.759091,-1.072727,8.0,003411_bbox.npy,table
-2.20445,4.954327,-1.05,8.0,003416_bbox.npy,table
-0.33746,0.92063,-0.404545,8.0,003477_bbox.npy,table
-0.490166,1.442138,-0.568182,8.0,003480_bbox.npy,table
-0.922727,3.313636,-0.554545,8.0,003493_bbox.npy,table
-0.251971,4.278887,-0.552525,8.0,003523_bbox.npy,table
-1.868182,4.868182,-0.681818,8.0,003528_bbox.npy,table
0.268182,2.077273,-0.481818,8.0,003533_bbox.npy,table
0.15,1.595455,-0.540909,8.0,003547_bbox.npy,table
-0.081818,1.722727,-0.572727,8.0,003582_bbox.npy,table
-0.743182,2.522727,-0.563636,8.0,003591_bbox.npy,table
1.059091,4.572727,-0.577273,8.0,003621_bbox.npy,table
0.73282,4.036616,-0.377273,8.0,003643_bbox.npy,table
1.322574,3.156406,-0.481818,8.0,003668_bbox.npy,table
-1.536364,2.568182,-0.568182,8.0,003669_bbox.npy,table
0.475789,2.47157,-0.518182,8.0,003670_bbox.npy,table
-0.127273,2.85,-0.5,8.0,003670_bbox.npy,table
0.812656,1.299157,-0.513636,8.0,003671_bbox.npy,table
-0.625309,1.018433,-0.504545,8.0,003673_bbox.npy,table
1.411585,4.379709,-0.527273,8.0,003676_bbox.npy,table
0.188932,2.033531,-0.404545,8.0,003680_bbox.npy,table
-0.586364,2.418182,-0.513636,8.0,003681_bbox.npy,table
0.727273,2.463636,-0.531818,8.0,003681_bbox.npy,table
-0.795455,1.472727,-0.581818,8.0,003682_bbox.npy,table
1.312185,2.714551,-0.572727,8.0,003683_bbox.npy,table
-0.489944,2.315816,-0.540909,8.0,003684_bbox.npy,table
0.84116,2.483256,-0.55,8.0,003685_bbox.npy,table
0.913636,1.536364,-0.572727,8.0,003686_bbox.npy,table
-0.065958,2.401192,-0.477273,8.0,003688_bbox.npy,table
-1.480909,2.297273,-0.481818,8.0,003688_bbox.npy,table
0.059747,1.689107,-0.577273,8.0,003693_bbox.npy,table
0.309091,2.359091,-0.540909,8.0,003694_bbox.npy,table
-0.816246,0.995698,-0.554545,8.0,003695_bbox.npy,table
-0.540909,3.009091,-0.55,8.0,003695_bbox.npy,table
1.736364,4.763636,-0.75,8.0,003697_bbox.npy,table
-0.763636,1.704545,-0.581818,8.0,003700_bbox.npy,table
-0.825848,2.189921,-0.536364,8.0,003703_bbox.npy,table
0.254545,1.495455,-0.536364,8.0,003705_bbox.npy,table
-0.213636,2.072727,-0.404545,8.0,003706_bbox.npy,table
-0.527273,0.981818,-0.45,8.0,003707_bbox.npy,table
-0.061073,1.92352,-0.359091,8.0,003707_bbox.npy,table
0.208146,1.501092,-0.540909,8.0,003708_bbox.npy,table
0.445455,2.004545,-0.518182,8.0,003711_bbox.npy,table
0.019356,2.262334,-0.563636,8.0,003712_bbox.npy,table
-0.065129,2.09225,-0.436364,8.0,003713_bbox.npy,table
-0.668182,2.254545,-0.477273,8.0,003714_bbox.npy,table
-0.981818,1.331818,-0.577273,8.0,003715_bbox.npy,table
0.198077,3.354048,-0.554545,8.0,003720_bbox.npy,table
-0.934712,3.797978,-0.518182,8.0,003721_bbox.npy,table
1.056849,3.48325,-0.545455,8.0,003721_bbox.npy,table
1.459091,3.240909,-0.427273,8.0,003722_bbox.npy,table
-0.304545,3.095455,-0.572727,8.0,003724_bbox.npy,table
-1.304545,2.713636,-0.477273,8.0,003725_bbox.npy,table
1.109091,3.559091,-0.459091,8.0,003725_bbox.npy,table
-0.509091,2.809091,-0.540909,8.0,003726_bbox.npy,table
-1.309844,2.696504,-0.536364,8.0,003764_bbox.npy,table
0.945455,1.620455,-0.522727,8.0,003770_bbox.npy,table
-1.281867,4.511673,-0.495455,8.0,003771_bbox.npy,table
-1.904545,3.304545,-0.481818,8.0,003772_bbox.npy,table
1.41329,3.238087,-0.531818,8.0,003773_bbox.npy,table
-0.040909,1.740909,-0.45,8.0,003775_bbox.npy,table
-0.677189,2.318703,-0.509091,8.0,003776_bbox.npy,table
0.013636,2.213636,-0.536364,8.0,003778_bbox.npy,table
-0.60617,2.69205,-0.581818,8.0,003781_bbox.npy,table
0.832418,2.350545,-0.513636,8.0,003781_bbox.npy,table
1.308949,2.314538,-0.581818,8.0,003782_bbox.npy,table
-1.649444,4.316374,-0.504545,8.0,003786_bbox.npy,table
-0.218518,1.42558,-0.468182,8.0,003791_bbox.npy,table
-0.586364,2.65,-0.425757,8.0,003813_bbox.npy,table
-1.350743,4.838545,-1.072727,8.0,003894_bbox.npy,table
-1.302098,2.074126,-0.477273,8.0,003918_bbox.npy,table
0.176952,1.806087,-0.577273,8.0,003920_bbox.npy,table
0.213636,3.618182,-0.577273,8.0,003924_bbox.npy,table
0.587567,2.800244,-0.431818,8.0,003926_bbox.npy,table
-0.343131,2.621623,-0.536364,8.0,003927_bbox.npy,table
-0.122712,1.366378,-0.486364,8.0,003928_bbox.npy,table
-0.285465,1.376692,-0.481818,8.0,003929_bbox.npy,table
-0.921017,2.045015,-0.548864,8.0,003931_bbox.npy,table
0.139316,2.008624,-0.531818,8.0,003932_bbox.npy,table
-0.185358,1.774679,-0.495455,8.0,003937_bbox.npy,table
0.822727,3.222727,-0.436364,8.0,003950_bbox.npy,table
0.624843,1.839084,-0.545455,8.0,003951_bbox.npy,table
0.545455,4.686364,-0.85,8.0,004672_bbox.npy,table
0.809091,1.25,-0.518595,8.0,004722_bbox.npy,table
0.286916,1.954545,-1.342424,8.0,004854_bbox.npy,table
-0.403788,2.011364,-0.572727,4.0,000158_bbox.npy,desk
-0.040909,2.477273,-0.547727,4.0,000309_bbox.npy,desk
-0.640909,2.031818,-0.640909,4.0,000319_bbox.npy,desk
0.040909,3.081818,-0.640909,4.0,000319_bbox.npy,desk
-1.313636,0.945455,-0.640909,4.0,000319_bbox.npy,desk
-2.313636,4.681818,-0.352273,4.0,000349_bbox.npy,desk
0.185853,1.236911,-0.570455,4.0,000507_bbox.npy,desk
-0.031395,2.059363,-0.619465,4.0,000570_bbox.npy,desk
-0.045455,2.004545,-0.547727,4.0,000613_bbox.npy,desk
-0.640619,1.906598,-0.65,4.0,000621_bbox.npy,desk
0.05,2.363636,-0.531818,4.0,000622_bbox.npy,desk
2.719735,3.876754,-0.919724,4.0,000658_bbox.npy,desk
0.937917,3.312968,-0.641933,4.0,000660_bbox.npy,desk
1.091686,2.372727,-0.373751,4.0,000662_bbox.npy,desk
-0.401698,1.9048,-0.328133,4.0,000663_bbox.npy,desk
1.473729,4.037062,-0.586288,4.0,000801_bbox.npy,desk
1.539858,2.990501,-0.413636,4.0,001142_bbox.npy,desk
-0.904545,2.877273,-0.625,4.0,001154_bbox.npy,desk
-2.772727,3.381818,-1.233333,4.0,001173_bbox.npy,desk
1.45,5.363636,-0.963636,4.0,001187_bbox.npy,desk
-2.981818,4.381818,-1.172727,4.0,001190_bbox.npy,desk
-2.017456,5.242621,-1.068182,4.0,001191_bbox.npy,desk
-2.009091,2.604545,-1.3,4.0,001193_bbox.npy,desk
-1.122727,3.763636,-1.313636,4.0,001193_bbox.npy,desk
0.009091,5.204545,-0.936364,4.0,001217_bbox.npy,desk
3.190909,4.518182,-0.909091,4.0,001220_bbox.npy,desk
-0.781254,5.417218,-1.040909,4.0,001221_bbox.npy,desk
-2.804545,3.104545,-1.136364,4.0,001225_bbox.npy,desk
2.563636,3.409091,-1.081818,4.0,001237_bbox.npy,desk
-0.786364,5.263636,-0.902273,4.0,001242_bbox.npy,desk
1.363636,5.195455,-1.15,4.0,001243_bbox.npy,desk
2.509091,3.554545,-1.159091,4.0,001243_bbox.npy,desk
2.870036,1.847331,-1.090909,4.0,001244_bbox.npy,desk
2.740805,3.219033,-1.040909,4.0,001252_bbox.npy,desk
1.536364,5.286364,-1.009091,4.0,001252_bbox.npy,desk
-0.872727,5.268182,-1.054545,4.0,001252_bbox.npy,desk
-2.618182,4.268182,-1.040909,4.0,001252_bbox.npy,desk
2.627273,3.536364,-1.086364,4.0,001253_bbox.npy,desk
-0.959091,5.731818,-0.965909,4.0,001253_bbox.npy,desk
2.5,5.372727,-1.045455,4.0,001255_bbox.npy,desk
0.022727,5.540909,-1.063636,4.0,001255_bbox.npy,desk
2.331818,5.222727,-1.15,4.0,001263_bbox.npy,desk
2.613636,4.036364,-1.181818,4.0,001266_bbox.npy,desk
-2.731818,3.395455,-1.159091,4.0,001268_bbox.npy,desk
-0.395455,5.236364,-0.922727,4.0,001276_bbox.npy,desk
-3.177273,4.722727,-0.895455,4.0,001283_bbox.npy,desk
-1.772861,5.195365,-1.009091,4.0,001284_bbox.npy,desk
2.876102,4.083576,-0.954545,4.0,001287_bbox.npy,desk
-2.68979,4.269972,-0.945455,4.0,001288_bbox.npy,desk
0.372727,3.595455,-1.618182,4.0,001299_bbox.npy,desk
-0.022727,4.854545,-1.504545,4.0,001299_bbox.npy,desk
-0.818182,2.954545,-1.395455,4.0,001299_bbox.npy,desk
1.177273,2.654545,-0.477273,4.0,001300_bbox.npy,desk
0.859091,4.054545,-0.2,4.0,001300_bbox.npy,desk
3.213636,3.481818,-0.940909,4.0,001303_bbox.npy,desk
2.877273,4.5,-0.940909,4.0,001303_bbox.npy,desk
2.772727,3.886364,-0.927273,4.0,001321_bbox.npy,desk
-2.445455,5.220455,-1.004545,4.0,001324_bbox.npy,desk
3.081818,3.195455,-1.013636,4.0,001327_bbox.npy,desk
1.677273,5.240909,-0.745455,4.0,001328_bbox.npy,desk
-3.080356,3.793977,-1.095455,4.0,001331_bbox.npy,desk
-3.018182,5.095455,-1.1,4.0,001331_bbox.npy,desk
-0.244644,2.658497,-0.646751,4.0,001430_bbox.npy,desk
-1.21286,2.104545,-1.310633,4.0,001431_bbox.npy,desk
-0.622727,2.554545,-1.377273,4.0,001449_bbox.npy,desk
1.83093,5.325394,-1.233688,4.0,001580_bbox.npy,desk
-2.922485,4.153547,-1.194628,4.0,001622_bbox.npy,desk
3.077882,4.256764,-1.107071,4.0,001633_bbox.npy,desk
2.649037,2.581818,-1.107071,4.0,001639_bbox.npy,desk
3.50861,4.954545,-1.166531,4.0,001669_bbox.npy,desk
-0.531855,2.082679,-0.29121,4.0,001894_bbox.npy,desk
-0.219739,2.063549,-0.574387,4.0,001921_bbox.npy,desk
0.876281,1.728239,-0.608991,4.0,001965_bbox.npy,desk
1.820884,5.317465,-0.461328,4.0,001969_bbox.npy,desk
-3.05625,1.8,-1.01875,4.0,001974_bbox.npy,desk
-2.652687,2.7375,-1.04375,4.0,001974_bbox.npy,desk
-3.39375,2.925,-1.039205,4.0,001974_bbox.npy,desk
-3.85277,1.836364,-1.014205,4.0,001974_bbox.npy,desk
-3.031174,3.443664,-1.132955,4.0,001979_bbox.npy,desk
-3.118601,3.412337,-1.139205,4.0,001981_bbox.npy,desk
-3.224867,2.418651,-0.99375,4.0,001983_bbox.npy,desk
-3.965107,1.986282,-0.989205,4.0,001983_bbox.npy,desk
-3.337363,3.293615,-0.982955,4.0,001983_bbox.npy,desk
2.789311,4.80778,-0.976705,4.0,001984_bbox.npy,desk
3.482946,6.212645,-0.945455,4.0,001984_bbox.npy,desk
3.152109,5.471273,-0.93125,4.0,001987_bbox.npy,desk
2.843481,2.824733,-1.001705,4.0,001987_bbox.npy,desk
3.374511,4.643431,-1.01875,4.0,001988_bbox.npy,desk
0.118749,5.737428,-0.978125,4.0,001993_bbox.npy,desk
2.780625,6.189544,-0.430966,4.0,001998_bbox.npy,desk
-0.179341,5.381835,-1.016716,4.0,002002_bbox.npy,desk
2.562478,1.912483,-0.89375,4.0,002121_bbox.npy,desk
-0.300827,2.499522,-0.554302,4.0,002293_bbox.npy,desk
-0.373897,1.470264,-0.533664,4.0,002299_bbox.npy,desk
1.042651,2.376109,-0.62329,4.0,002321_bbox.npy,desk
-1.2625,2.73125,-0.58125,4.0,002340_bbox.npy,desk
-0.477242,2.267043,-0.620195,4.0,002342_bbox.npy,desk
-1.392278,3.234859,-0.512408,4.0,002346_bbox.npy,desk
1.823449,3.438137,-0.561083,4.0,002348_bbox.npy,desk
-0.81349,4.862353,-0.533422,4.0,002387_bbox.npy,desk
0.118053,1.280407,-0.418182,4.0,002531_bbox.npy,desk
0.513636,1.218182,-0.5,4.0,002539_bbox.npy,desk
0.162121,0.631818,-0.622727,4.0,002623_bbox.npy,desk
0.140909,0.581818,-0.570455,4.0,002624_bbox.npy,desk
0.240909,1.627273,-0.602273,4.0,002629_bbox.npy,desk
-0.499074,1.703965,-0.131818,4.0,002630_bbox.npy,desk
0.283333,2.927273,-0.610606,4.0,002702_bbox.npy,desk
0.631818,2.004545,-0.172727,4.0,002745_bbox.npy,desk
0.272569,1.249325,-0.530455,4.0,002798_bbox.npy,desk
1.320801,2.072727,-1.315656,4.0,002987_bbox.npy,desk
0.395455,3.245455,-1.30202,4.0,002987_bbox.npy,desk
-0.273066,1.637703,-1.295455,4.0,002997_bbox.npy,desk
-0.15134,1.513169,-1.35202,4.0,002998_bbox.npy,desk
-0.140986,2.899936,-1.340909,4.0,002999_bbox.npy,desk
0.817618,3.852271,-0.515455,4.0,003087_bbox.npy,desk
0.522727,2.336364,-0.605455,4.0,003088_bbox.npy,desk
-0.959644,3.773626,-0.649091,4.0,003109_bbox.npy,desk
1.165652,2.425751,-0.605455,4.0,003111_bbox.npy,desk
0.222843,3.043828,-0.645,4.0,003134_bbox.npy,desk
-0.069091,3.802727,-1.31,4.0,003139_bbox.npy,desk
0.636364,3.377273,-0.652273,4.0,003289_bbox.npy,desk
1.15,3.5,-0.645455,4.0,003416_bbox.npy,desk
-2.686364,3.604545,-0.870455,4.0,003419_bbox.npy,desk
0.068182,2.531818,-0.652273,4.0,003431_bbox.npy,desk
-0.190909,2.131818,-0.559091,4.0,003435_bbox.npy,desk
-1.240909,2.659091,-0.522727,4.0,003448_bbox.npy,desk
0.445455,1.581818,-0.636364,4.0,003453_bbox.npy,desk
-0.909091,1.6,-0.577273,4.0,003454_bbox.npy,desk
-0.947078,3.183849,-0.427273,4.0,003462_bbox.npy,desk
0.2,3.190909,-0.454545,4.0,003462_bbox.npy,desk
-0.046067,3.315549,-0.554545,4.0,003463_bbox.npy,desk
1.031818,2.922727,-0.597727,4.0,003463_bbox.npy,desk
-0.627517,3.359597,-0.409091,4.0,003464_bbox.npy,desk
-1.277273,2.459091,-0.427273,4.0,003464_bbox.npy,desk
-0.264546,1.827235,-0.468182,4.0,003466_bbox.npy,desk
0.627273,2.431818,-0.495455,4.0,003466_bbox.npy,desk
1.277393,2.31313,-0.545455,4.0,003467_bbox.npy,desk
-0.236504,2.095034,-0.427273,4.0,003468_bbox.npy,desk
0.545141,2.25814,-0.390909,4.0,003469_bbox.npy,desk
-1.118182,2.95,-0.595455,4.0,003470_bbox.npy,desk
-0.022727,3.2,-0.606818,4.0,003470_bbox.npy,desk
-1.418182,2.886364,-0.563636,4.0,003498_bbox.npy,desk
-0.29514,2.400296,-0.481818,4.0,003499_bbox.npy,desk
0.8,2.581818,-0.577273,4.0,003504_bbox.npy,desk
-0.308901,3.202413,-0.622727,4.0,003538_bbox.npy,desk
-0.377273,1.522727,-0.418182,4.0,003543_bbox.npy,desk
0.946372,1.565169,-0.506402,4.0,003544_bbox.npy,desk
-0.267634,3.097945,-0.636364,4.0,003546_bbox.npy,desk
-0.241232,2.408846,-0.422727,4.0,003566_bbox.npy,desk
0.681818,1.659091,-0.409091,4.0,003566_bbox.npy,desk
-0.11054,1.6655,-0.5,4.0,003567_bbox.npy,desk
0.32684,1.892928,-0.406818,4.0,003568_bbox.npy,desk
0.421877,1.594363,-0.304545,4.0,003569_bbox.npy,desk
-0.227273,1.921543,-0.45,4.0,003570_bbox.npy,desk
-0.834091,1.431818,-0.545455,4.0,003571_bbox.npy,desk
0.18972,1.928163,-0.572727,4.0,003571_bbox.npy,desk
0.345499,1.516781,-0.618182,4.0,003572_bbox.npy,desk
0.248154,2.068933,-0.581818,4.0,003573_bbox.npy,desk
0.277273,1.554545,-0.618182,4.0,003574_bbox.npy,desk
0.423012,1.506243,-0.6,4.0,003587_bbox.npy,desk
-0.122727,2.745455,-0.627273,4.0,003592_bbox.npy,desk
-0.95,1.554545,-0.622727,4.0,003599_bbox.npy,desk
0.239895,1.165179,-0.427273,4.0,003601_bbox.npy,desk
-1.331818,2.377273,-0.409091,4.0,003605_bbox.npy,desk
1.048754,3.64718,-0.554545,4.0,003607_bbox.npy,desk
0.018851,2.276996,-0.527273,4.0,003608_bbox.npy,desk
-0.263678,3.604606,-0.472727,4.0,003612_bbox.npy,desk
0.507006,1.88755,-0.640909,4.0,003613_bbox.npy,desk
0.812591,2.684264,-0.543182,4.0,003617_bbox.npy,desk
0.204545,1.981818,-0.481818,4.0,003619_bbox.npy,desk
-0.14639,3.097332,-0.327273,4.0,003669_bbox.npy,desk
-1.09162,4.382051,-0.2,4.0,003670_bbox.npy,desk
0.054452,3.044805,-0.413636,4.0,003672_bbox.npy,desk
0.441407,2.414103,-0.463636,4.0,003674_bbox.npy,desk
-0.481818,3.640909,-0.390909,4.0,003675_bbox.npy,desk
-0.289665,2.807931,-0.563636,4.0,003709_bbox.npy,desk
0.277962,1.921631,-0.522727,4.0,003710_bbox.npy,desk
-1.131818,2.95,-0.522727,4.0,003710_bbox.npy,desk
-0.364547,3.143802,-0.377273,4.0,003739_bbox.npy,desk
0.659254,1.825979,-0.372727,4.0,003739_bbox.npy,desk
-0.512171,1.660284,-0.304545,4.0,003740_bbox.npy,desk
-0.032685,1.366291,-0.336364,4.0,003741_bbox.npy,desk
-0.267506,1.19331,-0.25,4.0,003743_bbox.npy,desk
-0.190882,1.181386,-0.645455,4.0,003744_bbox.npy,desk
0.154389,2.404829,-0.645455,4.0,003747_bbox.npy,desk
0.867875,1.027291,-0.631818,4.0,003747_bbox.npy,desk
0.522727,1.636364,-0.609091,4.0,003751_bbox.npy,desk
-0.045455,2.263636,-0.581818,4.0,003756_bbox.npy,desk
0.641517,2.489751,-0.645455,4.0,003757_bbox.npy,desk
-0.25,2.086364,-0.604545,4.0,003758_bbox.npy,desk
-0.968182,1.163636,-0.577273,4.0,003759_bbox.npy,desk
1.240909,3.972727,-0.495455,4.0,003759_bbox.npy,desk
0.482542,2.976429,-0.643182,4.0,003760_bbox.npy,desk
0.872727,1.286364,-0.554545,4.0,003763_bbox.npy,desk
-1.4,3.813636,-0.554545,4.0,003763_bbox.npy,desk
-0.727273,1.695455,-0.577273,4.0,003765_bbox.npy,desk
-0.118182,3.477273,-0.563636,4.0,003765_bbox.npy,desk
1.264752,4.227142,-0.590909,4.0,003765_bbox.npy,desk
-0.627273,1.568182,-0.518182,4.0,003766_bbox.npy,desk
0.771816,3.061728,-0.472727,4.0,003766_bbox.npy,desk
0.768182,2.659091,-0.6,4.0,003767_bbox.npy,desk
-0.653352,3.217551,-0.595455,4.0,003767_bbox.npy,desk
-1.136364,3.204545,-0.581818,4.0,003768_bbox.npy,desk
0.804545,1.240909,-0.472727,4.0,003769_bbox.npy,desk
-0.222727,2.063636,-0.472727,4.0,003769_bbox.npy,desk
-0.490439,3.910467,-0.563636,4.0,003770_bbox.npy,desk
0.218135,3.473765,-0.540909,4.0,003771_bbox.npy,desk
0.698627,1.061261,-0.518182,4.0,003778_bbox.npy,desk
1.277273,3.336364,-0.540909,4.0,003780_bbox.npy,desk
-0.407757,3.292783,-0.572727,4.0,004544_bbox.npy,desk
0.740909,3.181818,-0.472727,4.0,004630_bbox.npy,desk
1.152632,1.743611,-0.481818,4.0,004630_bbox.npy,desk
-1.095455,2.263636,-0.631818,4.0,004679_bbox.npy,desk
-0.131818,3.040909,-0.627273,4.0,004679_bbox.npy,desk
0.754545,3.795455,-0.627273,4.0,004679_bbox.npy,desk
-1.828162,2.725052,-0.573141,4.0,004688_bbox.npy,desk
0.667649,2.085019,-0.645868,4.0,004691_bbox.npy,desk
-0.468182,2.631818,-0.606818,4.0,004691_bbox.npy,desk
-1.672727,3.213636,-0.615909,4.0,004691_bbox.npy,desk
0.463636,1.677273,-0.627686,4.0,004697_bbox.npy,desk
-1.432675,2.406557,-0.593721,4.0,004700_bbox.npy,desk
0.224936,1.62697,-0.620073,4.0,004701_bbox.npy,desk
0.240909,1.504545,-0.645155,4.0,004717_bbox.npy,desk
-0.672727,2.154545,-0.597727,4.0,004717_bbox.npy,desk
0.145894,2.581405,-0.650413,4.0,004736_bbox.npy,desk
-1.043528,3.052039,-0.605509,4.0,004740_bbox.npy,desk
0.377898,1.723738,-0.642424,4.0,004745_bbox.npy,desk
-0.553993,2.35,-0.642424,4.0,004745_bbox.npy,desk
-0.221623,1.654545,-0.615151,4.0,004813_bbox.npy,desk
-0.368023,1.788203,-0.524242,4.0,004824_bbox.npy,desk
0.149969,1.424357,-0.583333,4.0,004825_bbox.npy,desk
-0.226721,2.259091,-0.60606,4.0,004826_bbox.npy,desk
-0.339058,1.581234,-0.651515,4.0,004827_bbox.npy,desk
0.332922,1.872727,-0.646969,4.0,004833_bbox.npy,desk
0.114046,1.701161,-0.65101,4.0,004840_bbox.npy,desk
-1.063636,0.613636,-0.986288,9.0,000960_bbox.npy,toilet
-0.195257,0.925897,0.506894,9.0,001044_bbox.npy,toilet
1.135196,2.574447,-0.901301,9.0,002148_bbox.npy,toilet
-0.075832,2.862047,-0.847883,9.0,002151_bbox.npy,toilet
1.009498,1.92653,-0.930619,9.0,002166_bbox.npy,toilet
1.105397,1.721643,-0.890939,9.0,002169_bbox.npy,toilet
1.366892,2.395962,-0.936129,9.0,002171_bbox.npy,toilet
-0.402994,1.855305,-0.522728,9.0,002556_bbox.npy,toilet
1.013636,1.431818,-1.3,9.0,002560_bbox.npy,toilet
0.068182,1.204545,-0.50202,9.0,002614_bbox.npy,toilet
0.67964,1.270287,-0.451515,9.0,002616_bbox.npy,toilet
0.38106,1.409091,-0.431818,9.0,002617_bbox.npy,toilet
0.068182,1.581818,-0.404545,9.0,002618_bbox.npy,toilet
-0.528292,1.484195,-0.272727,9.0,002619_bbox.npy,toilet
-0.718863,3.622535,-1.374545,9.0,002910_bbox.npy,toilet
0.885865,2.685284,-1.077273,9.0,002917_bbox.npy,toilet
-0.404545,3.127273,-1.331818,9.0,004186_bbox.npy,toilet
-0.8,2.777273,-0.990909,9.0,004211_bbox.npy,toilet
0.236364,2.745455,-0.872727,9.0,004217_bbox.npy,toilet
-0.297998,1.693263,-0.019564,0.0,002128_bbox.npy,bathtub
-2.061945,2.677789,-1.184689,0.0,002137_bbox.npy,bathtub
0.753535,1.328361,-0.511364,0.0,002619_bbox.npy,bathtub
3.781875,5.06885,-0.336964,2.0,000597_bbox.npy,bookshelf
0.059628,3.002562,0.595833,2.0,002430_bbox.npy,bookshelf
